drug_a,drug_b,action,reviewed,patient_text,questions
levothyroxine,calcium carbonate,next_visit,yes,"Yes, it is recommended to separate your levothyroxine with calcium carbonate (trade name: Tums) by at least 4 hours. Medications including calcium, iron, magnesium, and aluminum prevent the absorption of the thyroid hormone and should be taken 4 hours after your levothyroxine. It is best to take your levothyroxine first thing in the morning or at bedtime, 3 to 4 hours after your last meal.","If I take my {A} at 7 in the morning, when is the earliest I can take my {B}?|Is there an antacid I can use that will not affect my thyroid medicine?|Do my other supplements contain calcium, iron, or magnesium?|Should my thyroid levels be rechecked because of this?"
warfarin,ibuprofen,now,yes,"It is not recommended to take Ibuprofen with your Warfarin as this increases your risk of internal bleeding and stomach ulcers. Warfarin will slow down blood clotting, and Ibuprofen will irritate your stomach lining. You should only take Warfarin and Ibuprofen together if specifically told by your doctor to do so. Ask your pharmacist for more information.",What can I take for pain instead of {B} while I am on {A}?|Did my doctor specifically intend for me to take these together?|What signs of bleeding should make me call you right away?|Does this change how often my INR needs checking?
doxycycline,calcium carbonate,next_visit,yes,"You should separate your Doxycycline and Calcium carbonate by at least 2 hours. Calcium carbonate will block the body from absorption of Doxycycline. It is also recommended to separate taking products that include calcium, aluminum, iron, zinc, and magnesium by at least 2 hours before and after taking Doxycycline. Ask your pharmacist for more information.","What time should I take my {A} so it is 2 hours clear of my {B}?|Which of my other products contain calcium, iron, zinc, or magnesium?|Does this apply to my multivitamin as well?"
warfarin,aspirin,now,no,"It is not recommended to take Aspirin with your Warfarin. Both slow down blood clotting, which raises your risk of internal bleeding. You should only take them together if specifically told by your doctor to do so. Ask your pharmacist for more information.",Was I told to take {B} on purpose alongside my {A}?|What bleeding signs should make me call you right away?
apixaban,aspirin,now,no,"It is not recommended to take Aspirin with your Apixaban. Both slow down blood clotting, which raises your risk of internal bleeding. You should only take them together if specifically told by your doctor to do so. Ask your pharmacist for more information.",Was I told to take {B} on purpose alongside my {A}?|What bleeding signs should make me call you right away?
lisinopril,ibuprofen,next_visit,no,"Ibuprofen can work against your Lisinopril and make your blood pressure medicine less effective. Taking them together over time can also stress your kidneys. If you need something for pain, ask your pharmacist which option is better for you.","What can I use for pain that will not raise my blood pressure?|Should my kidney function be checked if I keep taking {B}?|Is it safe to use {B} occasionally, or should I avoid it entirely?"
lisinopril,spironolactone,next_visit,no,Both your Lisinopril and Spironolactone can raise the potassium level in your blood. Your doctor may want to check your potassium with a blood test. Ask your pharmacist for more information.,"When was my potassium last checked?|Should I avoid salt substitutes, which are often potassium based?"
levothyroxine,omeprazole,next_visit,no,"Omeprazole lowers stomach acid, which can reduce how much of your thyroid medicine your body absorbs. Take your levothyroxine first thing in the morning on an empty stomach. Ask your pharmacist for more information.",What is the best order and timing for my {A} and my {B}?|Should my thyroid levels be rechecked since starting {B}?
sertraline,escitalopram,now,no,Sertraline and Escitalopram are both SSRIs. Taking two SSRIs together raises your risk of a serious reaction called serotonin syndrome. You should only take them together if specifically told by your doctor to do so. Ask your pharmacist for more information.,"Am I meant to be taking both {A} and {B}, or am I switching from one to the other?|What symptoms of serotonin syndrome should I watch for?"
